,X,Y,label
0,-0.1628536699670562,0.004717384006347301,1
1,0.20436307147827962,-0.00353036769687915,1
2,2.5601495864018182,-0.0033890381009928916,1
3,0.7246728404280935,0.004376477303955702,1
4,-4.344742154173285,0.005280438009580981,0
5,-1.8044519836559987,-0.010380818032703297,0
6,1.4762377432094762,-0.004678572201854644,1
7,4.502009513758492,-0.0037701094035533195,0
8,0.6588715588315991,0.004162483051265441,1
9,-0.2989084249287666,-0.0038809915673149544,1
10,3.01238630319974,0.007126781059812218,0
11,-2.325315272618014,-0.004266147777235647,1
12,-0.07821975271218154,0.004957220661253005,1
13,2.142015012916802,-0.010591784605891726,0
14,-1.4339178471698526,-0.004196873753306044,1
15,-2.368857170050829,0.0007195223224940629,1
16,-1.8460374394697756,-0.0021903613329797467,1
17,2.3443502625457997,0.0017916209485254536,1
18,3.8140036601671716,0.005556548107202984,0
19,1.7742070609958112,0.004994810706344678,1
20,-0.7479925196940523,-0.004289888390083136,1
21,-5.264911535123065,0.0007301021655334805,0
22,-0.8332647159430717,0.00440710206120025,1
23,-4.278530748087623,-0.005876090949853185,0
24,4.729782000796361,0.0034599729702053045,0
25,1.7235797156355035,-0.00379600446164721,1
26,-0.33598385486894117,-0.004866468442533053,1
27,-0.5180923096742026,0.003806862211856476,1
28,-2.050252822697996,-0.004423371534530043,1
29,2.6041575590805484,-4.950070971315911e-05,1
30,5.054738712341498,-0.0047920417425017766,0
31,-0.09447937598545078,-0.008664493314381539,0
32,2.638099650430916,-0.00833096136999417,0
33,0.3016954199333725,-0.00509937003487046,1
34,4.329023313093286,0.0004134124103044847,0
35,2.2503456611071293,-0.003637449136060352,1
36,-2.6438583475171966,0.0035766920421377493,1
37,0.7073777416053613,0.004606532268745583,1
38,0.04476609009221991,0.009358083571001359,0
39,-0.0473089515717033,0.010024928272162397,0
40,0.20664724785218178,0.008655322834513961,0
41,5.473347273987432,0.001112552680669319,0
42,-1.5352637098902544,-0.004440814924857347,1
43,-2.673334734124265,0.0008753641150145156,1
44,0.04302009664619286,0.0098694120462299,0
45,0.02751695858902045,-0.010166552126540588,0
46,2.031930962591651,-0.0036862183454787413,1
47,-0.3703168958668363,0.0052520035692896665,1
48,5.037035977339133,0.0012548295179818554,0
49,-4.7959697350363015,0.004506244125461288,0
50,2.478114453681341,1.4324906102673452e-05,1
51,2.402605569774353,0.0031364054952918176,1
52,-0.48609952230158804,0.004403507134799623,1
53,2.3131348634859994,-0.00913911544242974,0
54,-2.3281405720019714,0.0013916287435822405,1
55,-2.4006773925112705,-0.00847012231033151,0
56,4.704038391600861,0.0027020094539216967,0
57,4.882407249307688,0.004018984299551539,0
58,1.1468311834097533,0.004387888993257566,1
59,1.9582309805306375,-0.0026949325275468683,1
60,-2.2449824374743836,-0.004687603565735852,1
61,2.3473348738256634,0.0011438653899893637,1
62,-4.583300677409859,0.0015076609713770184,0
63,-0.14677791251366964,-0.00946204790808633,0
64,-0.587127275553823,0.008554939613387429,0
65,0.03852021616453226,-0.0035011021438887896,1
66,-1.9710185369471094,-0.009123144534646473,0
67,1.6105778177391905,0.009920822008876467,0
68,2.095531283258129,0.0003016374985163678,1
69,2.0747208485916295,-0.003490321140312922,1
70,3.6740890765728356,-0.0074469053234606924,0
71,0.8253411581144244,-0.009449202293830518,0
72,4.730329376773438,-0.003652050610202049,0
73,3.718909919798054,-0.006439627717407617,0
74,4.009524080813902,0.006204205547733239,0
75,2.0427865847270157,0.00029488596357743414,1
76,3.9467087881314256,-0.005753101711960295,0
77,-2.060368771604713,-0.0008525339248761669,1
78,2.7702245150364564,0.008735478712430739,0
79,1.4138734418345864,0.009067591923635253,0
80,-5.016566386185914,0.0010619271511209413,0
81,-0.4733411811552718,-0.004801400776233147,1
82,4.504009532395042,-0.002658652561744453,0
83,3.0389771549997233,-0.006525171353833407,0
84,0.2807478408137033,-0.004289022147905116,1
85,-2.2499943341499797,-0.0019268776153284262,1
86,-3.1367908467649235,0.007376450507846711,0
87,-2.5988407364473485,0.002066117132225851,1
88,4.304502220943281,0.0038064363645893685,0
89,2.1988601131838292,-0.009960272029063947,0
90,0.8321385200345914,-0.004091350089097408,1
91,1.8186707646228943,-0.004251477511670996,1
92,4.317546599511536,0.0006484480569067802,0
93,2.0938818664634216,-0.0008578813500163965,1
94,-3.3975058865869165,-0.007755958828122866,0
95,4.873372526577776,0.0009314578143044652,0
96,4.042212912357615,-0.0051225052891507705,0
97,2.129139823686361,0.004491234628154301,1
98,-1.1436374016488673,-0.0043300727743187705,1
99,-2.9956530320708445,0.00769887055610672,0
100,-3.0743187130370164,0.008503519399784899,0
101,2.430121339873634,-0.0021700670183616524,1
102,-2.6027477180213725,0.007999427245035372,0
103,-2.540603831155849,-0.00821034794995097,0
104,-2.364386747383493,0.008622481891901129,0
105,1.2011648762177705,-0.004556360040341833,1
106,-4.374211771712583,-0.00038402204898283637,0
107,1.1989857944249256,0.00430747092341518,1
108,-2.105452579618523,-0.0011605246473829305,1
109,2.306049361095285,0.0011113428240026265,1
110,-4.4091902586102645,-0.004127843487326642,0
111,1.4517885330866949,0.009465335370024665,0
112,3.6507978204897706,-0.007083950405425394,0
113,-5.145650542860139,0.001532415828603874,0
114,0.02236849005342139,-0.00538602852846697,1
115,2.7885051670848444,-0.0009321248468603608,1
116,-1.531290087698976,0.004643948996478665,1
117,0.42352428003077924,-0.01073911109944201,0
118,-4.907325710542069,-0.003419873655383141,0
119,0.9448182069557697,0.010335112604990333,0
120,-1.513417669227171,0.003266664470023344,1
121,3.102361935308746,0.0067504542035798035,0
122,4.80161643845544,0.003263790662261313,0
123,-4.324668390954345,-0.0056582879581906125,0
124,2.631902439437368,-0.009287826178148518,0
125,0.45472912552755096,0.0034555328877693752,1
126,0.2515706660624799,0.009118707346381023,0
127,-3.2514620895903934,-0.007294523182586765,0
128,2.0499785414107317,0.00870826233949084,0
129,3.5181796823729883,0.00720281716502774,0
130,-3.55016718630217,-0.00790993214840587,0
131,-4.767591138196911,-0.004240129312040979,0
132,0.20722710091179677,0.005226839621020111,1
133,-1.5290094163529866,0.002153490245576823,1
134,-3.17948596041564,-0.007029214825116668,0
135,0.8810081538169154,-0.010827318327534467,0
136,2.592327106286991,0.0021280559323273085,1
137,0.705622433686617,-0.004404765803447256,1
138,2.9250979478999417,-0.007104950287668819,0
139,-1.8527040569196225,-0.0013949713567416953,1
140,-1.4236265933653613,-0.003825534162856662,1
141,-2.038375937328937,-0.0027503657882008946,1
142,-0.8612226620004028,-0.004063021777451495,1
143,0.21420152484907876,-0.010058647743299324,0
144,2.2695163351601035,-0.000219702361236363,1
145,-1.1571573452701704,0.008244169667819663,0
146,0.024771293529258238,0.005154365912473561,1
147,-1.0449723850124382,0.00983246654007602,0
148,3.430361656300018,0.00742609393080806,0
149,2.7539384625836973,-0.008804712100234318,0
150,-4.652077816437677,-0.0035067808407231275,0
151,-2.5231514900763754,0.001787153025218875,1
152,-3.08771130257612,0.0084229401057366,0
153,-4.5901245495658864,-0.0020445660482233943,0
154,2.900550404063125,0.008677993379651815,0
155,-2.4684234116867008,0.008458320432238813,0
156,-4.156432627346617,0.0051187810952732175,0
157,1.8418699107975929,-0.003816435497063425,1
158,3.7884626131558123,0.005646601294689897,0
159,1.2691235120700326,0.0034787159375956277,1
160,2.098311339254728,0.0024411448345565442,1
161,2.475004141138777,0.0004434600894948742,1
162,-3.4808788311398695,0.006525384397518895,0
163,-1.5495461045979688,-0.009869747754926965,0
164,-2.5799485134172158,0.001590093819360475,1
165,-5.118635086756374,-0.0011167064214825284,0
166,-0.12408640139104934,-0.005251326834453886,1
167,2.300379504853545,-0.0006475043106812982,1
168,-5.092951344467669,0.0032861855500654507,0
169,-2.5934586906155745,-0.001253480197093224,1
170,0.9660769260975505,0.009922969725225534,0
171,1.7914364010562287,-0.002738295289189033,1
172,1.7805800268840777,0.001576825452158729,1
173,4.847896715500729,-0.0003253926765131321,0
174,0.2908667960844349,-0.004958359523984658,1
175,-2.7719116012579366,0.00807944185849986,0
176,-0.9257565301297799,0.005641591182982042,1
177,3.699582494038007,0.007775949216034891,0
178,-3.4802324489877376,-0.0056569903881658655,0
179,-1.2180236755752947,0.011095347860477459,0
180,-2.199810965293312,-0.0007184036466105205,1
181,-1.829128850792513,-0.01024238983562907,0
182,1.363021796634446,-0.00898945758013355,0
183,1.7474362419776073,-0.003194503229545229,1
184,4.530951965545734,0.0028082262289398446,0
185,2.298353050694433,-0.0020992260227743575,1
186,-2.273493741133713,0.00047593883246846826,1
187,-1.0272128400366691,0.009956150616113869,0
188,-0.03773055847592029,-0.005212436175044616,1
189,-4.777228736059479,0.005063217057491172,0
190,-0.22820457295915153,0.003817201636770963,1
191,1.359615120075757,0.005154690718968294,1
192,-4.141158392534907,-0.005831652867715188,0
193,4.835236904003589,0.005233009142453433,0
194,-3.1824204996145515,0.00030933748280897213,1
195,-0.21300324365009782,-0.009459071666709127,0
196,2.3740383666179694,-0.008498561038876131,0
197,-2.3205990051861254,-0.002341451313887442,1
198,0.6837382760248678,0.004195672717820508,1
199,0.8743550274996812,0.0032890853793984998,1
200,4.004569133582666,-0.006758364170425305,0
201,-1.956418894640297,0.011090142145024674,0
202,3.7327087278643463,-0.007459723371454594,0
203,-2.36670182632741,0.0021468692894650305,1
204,1.347382049075441,0.005278717129363226,1
205,-2.745710842178934,0.008867933542074687,0
206,1.3915288763129552,-0.0034603007797742624,1
207,3.489636897609624,-0.0008461475179789638,1
208,4.528456815392275,-0.004276438322583397,0
209,-0.605520525633927,0.004317800487268124,1
210,1.7020667420947497,0.003448015640689014,1
211,-2.362685706693237,-0.0012372356509106112,1
212,-1.6541640042247971,-0.009964206112940147,0
213,1.3116009566997024,-0.003207555515332845,1
214,4.059025263009051,-0.006627900985971357,0
215,-5.315653004579649,-0.0029408186648103413,0
216,1.7120292837717674,-0.00456714255664332,1
217,4.981501584001343,0.00223969871310367,0
218,-1.8560876231550294,-0.0035290386741004018,1
219,2.141497370106524,0.0027825362772738726,1
220,-1.4657984078886719,-0.003169395057648462,1
221,-2.4083725357434576,-0.009057116228809845,0
222,-1.6453921526998228,-0.0027419468928717382,1
223,2.4916720472821714,0.002549651953687988,1
224,-1.3879232574037519,-0.010227369092617017,0
225,-1.9176968092181514,-0.0008751806004644976,1
226,-3.73080482411023,-0.006390411102022794,0
227,0.5873131366170627,-0.0044773195293573926,1
228,-4.44506507471839,0.00045307798133157885,0
229,2.349715607080798,7.449414530323745e-06,1
230,-2.240958037153617,0.0004247976582166154,1
231,-3.6892462378884057,-0.00520862427005049,0
232,4.795287619966281,-0.0005658803336537121,0
233,4.618809311944844,0.005125239507504763,0
234,2.8545076943516134,0.001944594051516094,1
235,1.42602402734886,-0.008575355807096981,0
236,1.4917185479525723,0.00953562107148476,0
237,-0.8161324229598176,0.005143944025743185,1
238,-2.310921079357634,0.0005441749425937915,1
239,4.687835196257003,-0.002285752597158104,0
240,0.3267391962971991,-0.005154684433974947,1
241,3.623150157658686,-0.007913083036290045,0
242,1.9927926976288228,0.009428241692965194,0
243,4.263171071264534,-0.004789012019393258,0
244,-1.430100150009788,-0.004296252764686223,1
245,2.009114596277216,-0.002502058441485623,1
246,1.3433675383132075,0.0042310342912054814,1
247,-2.5904634499358066,0.009804849585083568,0
248,2.4624208308156756,0.007750943840671202,0
249,-2.11726630079965,-0.0016264864108143679,1
250,-1.6484009949403307,0.0022645379156677474,1
251,1.5478298802050658,0.0030476702671233336,1
252,3.8583974402156858,0.005401652830942804,0
253,0.6087482721382008,-0.004325839719335514,1
254,-0.9672112913282207,0.005288491201440899,1
255,-2.6714875594019767,-0.0008337721365417341,1
256,-1.7600772389606545,0.0004908488675766333,1
257,-4.750848515480354,0.004647285930907053,0
258,2.5634864807368163,0.0020334690326690784,1
259,-2.407130473910862,-0.0017297600260819997,1
260,-0.8862889663857733,-0.00620574698902745,1
261,4.919562868946742,-0.001608064423460655,0
262,1.7765718351469217,-0.0036550601538247653,1
263,2.633328041192826,0.0030266607095119713,1
264,-5.105070210058798,-0.0045089859179363425,0
265,-3.386702810781382,0.007517993291696258,0
266,-3.938801232668274,0.003915413892350356,0
267,-1.2898103144234618,-0.00941918929590811,0
268,-2.2757555288060445,0.0039781486758152405,1
269,4.901334222596953,0.0038537089890542365,0
270,0.6459209458614048,0.0038645676952205467,1
271,-4.9304728059888605,-0.0013643697419587256,0
272,-2.230242328494013,0.0014878851515713666,1
273,-0.98089221152005,-0.004437888862014378,1
274,2.462984066699922,-0.00023899489055162864,1
275,-2.3182183493328226,-0.0007119977443728243,1
276,4.314112656671705,0.004364056038926249,0
277,-4.575202888852101,0.0046595022282519254,0
278,2.490143429524884,-0.003138041710982655,1
279,1.2809267462414364,-0.009312311383950743,0
280,1.5478199870831186,0.009218854533608297,0
281,-2.2077574622483094,-0.00950268251559385,0
282,2.4253148204936483,-0.003093834691296751,1
283,1.8025192653315936,-0.00970001443403916,0
284,2.587886871877751,-0.001995678692198417,1
285,0.31257561029782616,-0.004560735651618118,1
286,1.274520018415809,0.003564962641646054,1
287,-2.1413336541940144,0.002751273095723826,1
288,-1.7766680525596046,-0.0029007728623092173,1
289,-2.4989991874770414,-0.008879040960134834,0
290,-4.49619197797679,-0.004999122529585567,0
291,0.2999299017105674,0.005177880432430201,1
292,0.17925707436965893,-0.009874683344144677,0
293,-2.2781485947254008,-0.002704360737493371,1
294,-1.199687895168338,0.0096809707438433,0
295,0.13002708203068528,0.003915522903557022,1
296,2.3719184750664564,-0.0006551384149218395,1
297,1.5607649318239603,-0.004788449918861394,1
298,-2.5028158318926796,-0.001020051374041538,1
299,-1.4231558931749921,-0.0018914036778207037,1
300,4.078212718520689,0.005867898974457773,0
301,2.8138637999685496,-0.0012999179874817691,1
302,2.393642496179332,0.0023891201275869378,1
303,3.0135900532344047,0.007119650228390122,0
304,0.4776637058521096,0.004963452211872378,1
305,1.3533460951836167,-0.003177768157620257,1
306,-0.5210915588080742,0.004832412835683059,1
307,2.523439527297749,0.0014954269314580615,1
308,1.5795025650683334,0.00418226959659254,1
309,-1.4910761965483987,-0.010444409850870185,0
310,4.478418391840098,-0.0037736729054379066,0
311,3.1502159458153844,-0.007469810457378894,0
312,-0.3661512377166798,-0.005854407579586901,1
313,1.5527463426948152,-0.0033193541381944408,1
314,2.9039563265207393,6.1808468400016e-05,1
315,1.3549115448983158,-0.009817662694899238,0
316,1.3856712860127105,-0.004273496677263166,1
317,-0.8688638818107457,-0.004439438816480405,1
318,-1.4010660331621798,-0.004285538018675882,1
319,2.0055110370314235,-0.008659844170140206,0
320,-0.06819516510667084,-0.005075308005157798,1
321,0.43157123125115315,-0.0034279679992149053,1
322,-1.3893882895225753,-0.008827740591860936,0
323,4.935958761775217,-0.0039022099073323592,0
324,-1.4890973293169596,0.0028365535508374584,1
325,-4.857941386859625,-0.0019560007166483087,0
326,4.472823147623692,-0.0010741384140647633,0
327,-5.143491406760392,-0.002512529867865535,0
328,-1.9410828521016643,0.0008064720799084288,1
329,-0.5287946624767855,-0.004333630890497717,1
330,-0.9796370936938947,0.00488346439191786,1
331,4.771884597924651,0.004159625481870326,0
332,3.837992630043047,-0.006136267839547464,0
333,-0.7891058031781875,0.005336940911204488,1
334,4.078712302841979,0.006909966084394319,0
335,4.173041345966658,-0.003337979266114615,0
336,-3.7925323630075845,-0.007168081596823675,0
337,-4.044513162622235,-0.00716836963304822,0
338,-4.319315165109623,-0.0007053740381392041,0
339,0.9393617606838783,0.009272868893889783,0
340,1.3912930892535313,0.004724092785574094,1
341,-1.4093724981853617,-0.003685204360250112,1
342,2.108961102244744,0.0027752770925912012,1
343,1.0713584702310242,-0.0027281180625493714,1
344,4.895684239558972,0.0031270469833284843,0
345,1.7200143530039103,0.004488434406004903,1
346,-1.9395668252182954,-0.0016733065101974488,1
347,-2.1934466885752375,-1.7552715493713082e-05,1
348,1.511676656403145,0.0038357275086135347,1
349,2.1694076796112434,-0.0018081819514316683,1
350,-1.3468867638201631,-0.003315481548980748,1
351,-3.8710171531277426,0.007299259903168942,0
352,-0.6037360982649982,-0.004075832506884623,1
353,5.094835757435493,-0.001825452550815776,0
354,-2.026028503180465,-0.008261099058528586,0
355,-3.703082061615961,0.006000860745758743,0
356,1.525624427321338,0.0016826109774857507,1
357,-4.298092156649599,0.0017196074235531302,0
358,1.7549183887547426,0.00917008994950971,0
359,-0.3177943674725918,-0.00969316526511993,0
360,-0.155876970665571,-0.010561806482728477,0
361,-3.053615914943373,-0.0008772326580403263,1
362,2.3890145424039475,9.152093440253917e-06,1
363,-1.9849148585413063,-0.0019666727104238504,1
364,-4.56521732482508,0.0017595736320910266,0
365,-0.9157565317619083,0.004230059005944299,1
366,-4.098561149774009,0.006343058205703665,0
367,2.776696339801403,0.008625212232880151,0
368,-0.8868446887553199,-0.0035371360712352713,1
369,-1.1946699083657737,-0.004378051799949028,1
370,1.507497115154163,-0.009243022303331835,0
371,1.336617531583145,0.004131470126309323,1
372,-2.022378561750461,0.010557053814844628,0
373,-2.13632124817141,0.009906491521246069,0
374,1.427834465184329,-0.0037297443101644958,1
375,-2.2394318672298756,-0.001956239355450028,1
376,1.988600704130665,-0.0032113454672082933,1
377,4.095837652416416,0.0062434565477056635,0
378,1.0634147159805356,0.004209605923236037,1
379,2.4087623174635286,-0.002507988380929213,1
380,-0.37158113433581996,0.00417176897131192,1
381,-5.130723248219564,0.0011606735571022164,0
382,1.4863300404736481,-0.005117695944181426,1
383,1.9291235081408669,0.008296903094398697,0
384,-4.595518155376299,0.0023087678777146906,0
385,-1.0672013849556765,-0.005548476074926505,1
386,3.8461173777510984,-0.006789234735684353,0
387,-2.2673225131050527,0.0023368623415824835,1
388,-3.431058400237754,0.006743300976392947,0
389,2.0567554598968445,0.0016430547833449648,1
390,4.0720549330324305,-0.0052070671223118006,0
391,-0.8919564192032239,-0.004398855221137356,1
392,-4.19678838506531,0.004888651661292239,0
393,-4.831763602567784,-0.0024027286233756426,0
394,0.39606630952969624,0.004328639236987057,1
395,3.6282373065550737,-0.004818832369830618,0
396,-3.8981036086537477,0.006502648826844566,0
397,-4.647347754473933,0.006115837445132684,0
398,-2.4591600144853407,-0.0005469086167903041,1
399,1.8282587692461787,0.0009201014839594319,1
400,4.361406077197676,-0.005978269133409889,0
401,-0.01069725473715366,0.009558419092995488,0
402,-1.7537196342438488,0.003110861588945345,1
403,-5.304283063510473,-0.003409153892249239,0
404,-0.3363425069698692,-0.009639556117067478,0
405,-2.4804774170382533,-0.009695860224009853,0
406,1.3593276809893116,-0.008273109979768387,0
407,2.056151201621431,-0.009341151524049008,0
408,2.4812961177504254,-0.004291413602809566,1
409,1.0819632334621498,-0.004681632570146674,1
410,-2.8556912136203887,0.007958881963906123,0
411,-1.8648556815406814,-0.010112714733159674,0
412,0.28315093840158095,0.0044112684117202944,1
413,1.2541131530863576,0.003491067290813854,1
414,-4.173333379262447,-0.004014363800809905,0
415,1.6298074637209037,-0.0048078373085335005,1
416,1.9223952352188445,0.008890248130583952,0
417,-4.65351884198064,-0.004081862420359091,0
418,-1.880316774407427,-0.0038172673723178216,1
419,0.5169050412257101,0.01003522145187505,0
420,-0.11759342685945008,0.004851661941092293,1
421,-1.8975406015889047,0.010326115839927659,0
422,-1.1605493536471374,-0.0036497512019934984,1
423,-5.511915931869494,-0.0033184066383339086,0
424,-0.5343409375100816,-0.008948474663770314,0
425,1.3306642327740903,0.004377019265588659,1
426,2.944282056436471,-0.007053815081317006,0
427,-4.134998390705553,0.003918402996318405,0
428,1.7076509802259978,0.0015924946968760964,1
429,-2.4040304560567183,-0.008794739932315197,0
430,-4.93039241798717,-0.003392187420132255,0
431,4.399414849414704,-0.003588665963182408,0
432,-2.543982509332799,0.0029656090725394407,1
433,1.198442085949877,-0.004998873587023949,1
434,-1.7361322607199114,-0.003043711523913253,1
435,5.092324083530423,0.00019195699286198018,0
436,4.391737447695108,0.005170928000847419,0
437,0.6643200653682053,0.0056055090945252295,1
438,4.372162221642827,-0.003492876373603764,0
439,1.8101952646396,-0.0034626674487776084,1
440,-2.6515946095958447,-0.0004940238813020027,1
441,-0.2642078344882467,-0.005217294825418279,1
442,1.10336744936784,-0.004486944647888702,1
443,-2.466009531773415,0.002455882310041657,1
444,-4.787101805040125,0.000691516461416713,0
445,1.8627396315777989,-0.005105606308007116,1
446,-1.0659157811174267,0.004811052022225075,1
447,3.240728395965975,0.006623612849919425,0
448,2.8921652206883803,0.001206977023699194,1
449,-3.6255752547053643,-0.007443235410487544,0
450,-2.38192617312257,-0.0021225796411166627,1
451,-1.8368341821139222,-0.003441947289819595,1
452,2.49961050222053,-1.7407201802265986e-05,1
453,-1.3877562789522855,0.004424830780431708,1
454,2.90118183141417,-0.00010144746143592703,1
455,4.563824407607063,0.00474048455811823,0
456,1.6547451114249219,-0.002398388322923978,1
457,0.5925642031934766,-0.0053526795901054835,1
458,2.9039870092047853,-0.0011173446516811074,1
459,-1.325137539411296,-0.002505136157424812,1
460,1.9260251943725015,0.008969639647055135,0
461,1.0113072626931676,0.004229336340111318,1
462,5.636708260469435,0.00257912782756222,0
463,0.6229216956247196,-0.01072411207189031,0
464,1.8495927303099973,0.0018356161280694114,1
465,-5.296924674635405,0.002625635103057299,0
466,3.3728481157605743,0.005312413361190093,0
467,-0.45827409990065693,0.004131022621778989,1
468,-4.792379775944027,-0.0016700931912134265,0
469,3.1180675768059447,-0.0065147498871439835,0
470,4.966725935243334,-0.0013116619321734502,0
471,0.35287953145806794,0.0043308993087908115,1
472,-3.0585480632673105,-0.006918014383836445,0
473,2.537629984865688,-0.001934265486729275,1
474,5.165877346407912,-0.002618463178837226,0
475,4.882294230568122,0.0026494782658081223,0
476,-1.029842516134072,0.004762116338531301,1
477,-1.843326627336901,0.0017428674366541167,1
478,-0.40023595308793297,-0.0045230386390142634,1
479,-3.7628194085300013,-0.005556190521211072,0
480,2.564582020193823,-0.000521981633484465,1
481,4.9283981255691325,0.0012461925631901264,0
482,3.313948059469995,0.008099684248559688,0
483,2.059836027575171,-0.004470511461090388,1
484,-4.468240251376517,0.0008795404173471731,0
485,1.1060594898744829,0.004353787922791925,1
486,-4.659518266254648,0.005913229051987905,0
487,-4.775287375104918,0.0041042543001225075,0
488,-1.3381173911895732,0.004982371956336384,1
489,5.372970983784394,0.00042644771609348306,0
490,-2.2564163130884096,0.00015675378530470775,1
491,1.3451579442638657,0.004402424074745714,1
492,-1.7818361327221508,0.004075860367867244,1
493,0.9992855319379423,-0.005389403393247014,1
494,-4.76206237343802,0.0027680744285662187,0
495,-1.04167597240206,0.009600533344050581,0
496,-5.740663224016065,0.0014522571751767021,0
497,-1.8151764514938804,-0.0033672734461809226,1
498,-2.692568985412289,0.007963766402232496,0
499,-3.5456700818306826,-0.0064637629607442095,0
500,-4.602396924605435,0.003121259355347695,0
501,-4.8482089217072195,0.0023184691244966965,0
502,3.640782384581412,-0.008875012087422725,0
503,1.9485645478101539,-0.00828174338505919,0
504,5.260538960939495,0.00158530883484442,0
505,-4.78315162092526,0.0034160874708379007,0
506,-2.3886124899862167,-5.4268574430187264e-05,1
507,-3.0569819919129717,-0.006193367292567632,0
508,1.8640433875432256,-0.0014750547464203578,1
509,3.800062994555067,-0.006191485056296431,0
510,4.781768142358925,0.0006272342060807495,0
511,1.5008945787897159,-0.00201450791424694,1
512,0.20150354004331106,-0.004467325699480924,1
513,-1.3776149119962127,-0.0043807426403574936,1
514,4.96257737235142,-0.00012963390606330838,0
515,-3.746722028652818,-0.005675952643653071,0
516,1.8952457959262567,0.010229794696684408,0
517,4.583906814804328,0.003343804282793157,0
518,-4.054277521828251,0.005970811567974764,0
519,4.33011791417057,0.00393168540365084,0
520,1.235708784707913,-0.003433800387811936,1
521,-2.5868587684865867,-0.00035982169422886566,1
522,1.6906358787680746,0.003570319099228657,1
523,-1.7432177230050294,-0.003549664547769542,1
524,4.357372184305424,-0.004145610119265583,0
525,4.201531422773463,-0.005998903988856956,0
526,3.149912143173195,-0.007738936607996494,0
527,-4.971776806159285,-2.6133299494758602e-05,0
528,-1.507658173777398,-0.002933645221216556,1
529,3.042774253186429,0.0013740799285648106,1
530,2.4428138268237904,0.00873783620404419,0
531,-2.4929273095820785,0.0019145309758668726,1
532,-1.5773599247694547,0.009274833769099912,0
533,3.8685544080640364,0.007296401156328195,0
534,5.495202416941946,0.0010077638697423735,0
535,4.424200317102044,0.0017903585149130266,0
536,-1.6292954410804241,-0.003261411329921473,1
537,-1.01340123414768,0.003957285416986277,1
538,0.3619969099784759,-0.004321058481565543,1
539,-1.0884403522948278,-0.004045584451455301,1
540,-1.690888304425668,-0.008254437459102098,0
541,2.3637804665927926,0.008007594868963462,0
542,1.6827179091096665,-0.009760219193379603,0
543,-5.378770673629109,-0.0011253482974311732,0
544,1.9520870460332502,-0.0028163414396253366,1
545,5.45438320382487,-0.0008728555638159821,0
546,-0.751421418575784,-0.004646390683117979,1
547,-0.2866050945247797,0.010801589064813042,0
548,-2.342612934756694,-0.0009082877666755843,1
549,0.5185427010564255,0.0057778700828281975,1
550,-0.8681783694367269,0.004886130583558181,1
551,0.3578912398455509,0.008991650588408314,0
552,0.6263161043157163,0.005648404865341172,1
553,-2.36732342159027,-0.002512740249050262,1
554,-2.863969688721664,-0.007223608543977751,0
555,-3.199351359255033,-0.00016764134134118647,1
556,2.2830188447086037,-0.009165713382168096,0
557,3.9530407134891634,0.0061723330283469345,0
558,-2.5823656600310922,-0.0022590578799348746,1
559,4.888854194196724,0.0033793712718269073,0
560,2.6449025083873323,0.00019296789292355538,1
561,-0.08066578659045899,0.00420138202659741,1
562,2.855745218358238,-0.0013787268240374002,1
563,1.6503920477996386,-0.00904812332158304,0
564,-0.5129128651603372,0.004809012649010971,1
565,-1.1367355908621932,-0.0034586271555413963,1
566,-1.3070838132416829,0.004530767093114733,1
567,-1.485794268190499,0.0018951110185578812,1
568,-0.7488147688023467,0.005174386971541802,1
569,3.5013348773964297,0.006897202868933047,0
570,-1.0972827250434252,-0.005813682370636249,1
571,1.396227657550897,0.003968338552127809,1
572,-4.12533678225121,0.0016882564936651417,0
573,1.8466061242963074,-0.008977218513997087,0
574,-1.6558772172562695,0.002320298927303469,1
575,-1.5769282438741363,0.0032253705737218703,1
576,-4.68349257917784,-0.004264039453557033,0
577,-1.1657033688229284,-0.0037036257639795275,1
578,-4.847191015528226,0.0015063815611826678,0
579,-1.8529227622913027,0.001354694226443752,1
580,-2.9157267020957436,-0.007678916394146763,0
581,-1.1693108347557133,-0.005156511398471279,1
582,-0.8097747833048383,0.008357614037396148,0
583,1.458258972744758,0.0054899732495840734,1
584,-0.40693227528056847,0.010306377584396162,0
585,1.534966468071174,-0.003949912935847464,1
586,0.7731566780792274,0.009892263262348057,0
587,0.21212632032487136,-0.003917728456287097,1
588,1.8717087517913558,0.0076558441415996705,0
589,-3.989098599679577,0.006484837495527769,0
590,-1.6759500239648024,0.01049049170725286,0
591,0.5741595685818699,0.0034999820913449117,1
592,1.9659947947644072,0.004357819775957021,1
593,-1.4367272129316628,-0.010186850135870354,0
594,-0.25673900008881345,0.00412915894589048,1
595,-2.6107175886512337,-0.0018531911006851645,1
596,2.0715759021942586,0.009526452525568697,0
597,-2.5789685893600325,-0.0016742506970207306,1
598,1.969445361195771,-0.0021167681505124113,1
599,-1.9717387779365474,-0.0006308438485135346,1
600,2.2230820560114295,-0.00406804676125918,1
601,2.9002002858410396,-0.0013338653365810602,1
602,-1.6337483019477326,0.005652891130985841,1
603,-4.784818988778458,0.0010146692878248242,0
604,-3.7082913572766008,-0.006108418204313656,0
605,0.17920646692881972,0.0048399163525478794,1
606,-0.6114985012122667,0.009630159056696777,0
607,2.1495673540766638,-0.0027603422295279013,1
608,4.474982634145589,0.0004471112954625099,0
609,-2.4308618911180475,0.0030007492542232913,1
610,0.5738251657054677,-0.010057208870070866,0
611,0.29670055507940285,0.004495058956920079,1
612,-4.762993046606601,-0.0009237667886935829,0
613,-0.860599705437443,-0.011530035527493517,0
614,1.3995699627939648,0.0033360994344911747,1
615,-2.646648630616453,-0.007935128492458568,0
616,1.5916873864499756,0.003695596384837508,1
617,-2.5746961240976107,-0.00043197738896385207,1
618,0.29261754025398,-0.004659976149504333,1
619,-2.8644062096872975,0.009901816147892158,0
620,-3.574437923525769,0.005880017796892428,0
621,-1.4656797297022175,0.0033419638911171283,1
622,-1.5327887394170983,0.0023376614772846888,1
623,-2.0675693205690155,0.00027575450931651926,1
624,4.572736604044499,0.003046649591256696,0
625,-1.77930201483849,0.004291032005971343,1
626,-0.11486662657867035,0.010536770964611888,0
627,0.8559880213010331,0.005789397571284077,1
628,-5.301390653481171,0.0036906521382435065,0
629,-2.5998109153289795,-0.00013205890076234346,1
630,-1.074939608424503,-0.005662038289900793,1
631,-4.506576929607691,0.00436377636337653,0
632,0.7043760856122723,0.010970886706326337,0
633,-2.574040716435188,-0.0005335263501861869,1
634,-0.44931201868720794,-0.009077737988627533,0
635,-0.8246861536277326,-0.009786225444284168,0
636,-2.2767229008591956,-0.00845868640443124,0
637,1.9234842458658197,-0.0026776699828845265,1
638,1.6827792539816904,0.003780193848280677,1
639,-0.9400214363649773,-0.0050035951956100356,1
640,-4.7816906371402235,0.002582916896207821,0
641,-4.456088977978541,-0.003965185489034911,0
642,-1.3916422527988048,-0.003534690189506885,1
643,1.0172547813455362,0.008969265896322673,0
644,-4.492243898528091,0.006481733201448731,0
645,-0.8632897843235996,-0.003862109214232582,1
646,5.762597570504089,0.001259609036157733,0
647,1.7100905507969761,0.00014841269463914785,1
648,0.9843965431958356,-0.0047342989297610456,1
649,3.0565816510757795,-0.007032324701397235,0
650,-3.3301608698672505,0.00914304422584534,0
651,4.158844516937348,0.006197954871557253,0
652,-4.725002335516092,0.0016282876309948497,0
653,2.4803481321859167,0.003367352591141059,1
654,-1.9310578849183224,-1.8061223851684183e-05,1
655,1.3769801531009556,0.010895949961629,0
656,1.8154593722546395,-0.00927106259971,0
657,3.451111671476699,0.004530664995997445,0
658,0.6158063289071702,-0.0040495975847188335,1
659,1.7583908381888897,-0.0051085377507445705,1
660,-0.8770804616295779,-0.004189160136086842,1
661,-1.8542849610681522,-0.002532754407517706,1
662,4.155501967411973,-0.005879072513111814,0
663,4.499001313833203,-0.001342319393825334,0
664,-0.9265439452039455,0.0034654488571005644,1
665,-2.5324151092272205,-0.0027416706987333154,1
666,-3.6161617107294175,0.004734844031059124,0
667,-1.215495135222465,-0.009118611302127107,0
668,-0.987857390103235,-0.009328122878632345,0
669,-0.1720788134135777,-0.010241350578934272,0
670,0.6861800529541271,-0.009888946392437058,0
671,-4.807014358232448,0.0002691739040619649,0
672,-2.861812417763421,0.007596574435181826,0
673,-2.007243653348087,0.0021825716938040575,1
674,4.500805740977915,0.0052062406256781655,0
675,4.683308466751797,0.0007463715955411968,0
676,-3.8265743153903613,-0.006582919275029785,0
677,4.403666749735513,0.0039421798476507106,0
678,4.507369308024806,-0.004539608550316442,0
679,-2.4673761596229933,0.001704961363456742,1
680,1.6745138380688316,-0.010396934922337477,0
681,-2.4700919859967274,0.0017843213693407409,1
682,-0.016313753257180402,-0.003848346615788415,1
683,2.665963978411185,-0.0014610034526410986,1
684,5.033598929026223,0.0036066834160362548,0
685,1.1098295423895395,-0.009990001575423787,0
686,0.9615843572176319,-0.01094933848905566,0
687,-4.125431295497855,0.005530694185469242,0
688,-2.3204095603892188,-0.00016439329330039055,1
689,1.0046240853460031,-0.009179687390935772,0
690,-3.442165493010718,0.006843805475797457,0
691,0.6095401355030323,0.00943290910529391,0
692,2.3238377415475315,-0.0002206551835210597,1
693,-0.3206789307113029,0.006104283067407892,1
694,-1.8476935164044406,0.008218933828480188,0
695,2.7170842673093683,-0.0071802814430992805,0
696,1.5657632590872455,0.0029557974783318342,1
697,-0.06796331378852788,0.009811600762425631,0
698,3.385466586189926,0.007919847119091022,0
699,1.0318188339599217,0.009802561011336417,0
700,-3.425575370343256,0.007930100810226378,0
701,5.121093589919566,-0.0014915071170857428,0
702,-4.638867425377253,-0.004474430515575797,0
703,-2.6636778005414943,-0.008556108643061291,0
704,1.0333702036568422,-0.002974971822447914,1
705,-4.176767471307709,0.006368350375400674,0
706,-2.591721141880881,0.008917530404968156,0
707,-1.8399251066780864,0.004158101231568973,1
708,-4.588256070558801,0.0012723440824182891,0
709,3.9338204549466393,-0.00499649694611117,0
710,-2.435267809609693,-0.0011439636864332386,1
711,2.2727349809601103,-8.442978371907586e-05,1
712,-2.6865825380758186,0.001082731031217443,1
713,-0.9343741959195297,0.009785350656114068,0
714,0.49442310226799857,-0.0048005838141157685,1
715,-0.6105713585798535,0.010018576104314555,0
716,-1.4051951975839558,-0.003624819207644082,1
717,2.676809972019054,-6.175882297360456e-05,1
718,2.5651778386163753,0.001437111582735432,1
719,3.1423422611579497,-0.009093824426451725,0
720,-0.9137169556728758,-0.010381148390540842,0
721,-5.085442420544557,-0.0014314348662063648,0
722,3.2155928646449023,0.005418902632324596,0
723,0.11893509426202264,0.006161435054458635,1
724,-2.4647871172982354,-0.009443776599852492,0
725,-1.4225783502225746,0.002055263765190047,1
726,0.8231309543375354,-0.004056170510197929,1
727,-2.0791733944254176,0.009130927930126742,0
728,1.146023012956781,-0.0038086253313547582,1
729,-1.80088212806579,0.0036540150874592985,1
730,1.32849384951186,-0.004783664288294366,1
731,3.251127104417817,-0.008251697946166352,0
732,-1.5108341786565338,-0.003710898242253653,1
733,-5.45365894462204,-0.00014597766088339306,0
734,-1.6970924678700758,-0.0022364630271460746,1
735,1.9142914345861664,0.0037230438815871727,1
736,-0.8165505403854132,-0.00521327796228055,1
737,4.091760372095685,-0.006049020611166629,0
738,-3.5858868436737956,-0.007236056863474037,0
739,1.924672117300249,0.002842975626400947,1
740,-4.620598259508203,-0.0017576952464615752,0
741,1.7705723501964554,-0.0026254166612723452,1
742,1.8287952391726094,0.0019999209281071355,1
743,-4.017213187329615,-0.00685211150324673,0
744,-0.6753477342365399,-0.0033608799076641866,1
745,-3.854303680151073,0.005033215443163403,0
746,2.4051691630520717,-0.00018307255049899136,1
747,4.9310311710410035,0.00025878164234901987,0
748,-1.802931802907466,-0.009735419139398259,0
749,-4.163198472542579,0.0015142382425889606,0
750,-3.6776254919237408,0.005441903206021741,0
751,-2.799738880809329,-0.009029000539150317,0
752,-2.1818669466650156,0.002269558124645445,1
753,4.609087252971257,0.0016943964020903778,0
754,-1.0682892593401438,0.00471195774803957,1
755,-0.15746402002061494,0.010311948771983609,0
756,-1.7689358317308108,-0.002391650445654274,1
757,4.248145392747764,0.007401222020492612,0
758,-2.046074962770431,0.003990952564490137,1
759,0.9353003127325019,-0.0038870236145448086,1
760,0.25647331148860786,-0.010558242191472944,0
761,0.7195521927827195,-0.009452415526348526,0
762,5.176184006142681,-0.004050505360056734,0
763,-1.2104501689153309,-0.009469267226343274,0
764,5.173933575266668,0.0008191921108372028,0
765,2.2004020654936918,-0.007993582355304382,0
766,-4.552489489345436,0.0019343719558061409,0
767,-1.8945129026194019,-0.00023088179823984437,1
768,2.444773879165871,0.0016411147208162489,1
769,-2.8945358680193722,0.001248058970608706,1
770,-0.3253794407338989,-0.004884447203217636,1
771,-4.998293094941738,-0.0018897391099963773,0
772,3.969081895025479,0.005415243352042409,0
773,-2.159107372107823,-0.009280672976878282,0
774,-1.185307318654136,0.003675365697749762,1
775,0.22380094845738885,0.0043248121114401435,1
776,-4.561653877732603,0.0014285774157015351,0
777,-2.295928444807801,0.0004824752361273732,1
778,0.21415689911084848,0.005205386758329886,1
779,0.49493926362345975,-0.01097928531371026,0
780,3.985998779855331,0.006036872654745313,0
781,-0.2949925231540502,0.009974503375017927,0
782,-0.2560308005383889,-0.005213670698002191,1
783,4.836412955299984,0.002254740499371482,0
784,1.902550759502811,-0.002661141945215013,1
785,-0.785100064049281,-0.004985077974935393,1
786,-2.3372428449780953,0.00809376668623388,0
787,-2.049768504748611,0.0003137400938736129,1
788,4.581905813448747,-0.004200975431099534,0
789,1.8601828731561132,0.0017611418720709015,1
790,-3.1524376420381373,0.00721749502841359,0
791,5.128189436889651,0.0021794297428290193,0
792,-1.587192094765574,0.010127524766992203,0
793,-2.456726421310875,-0.00842133786625402,0
794,-2.505307224548847,-0.001857501077545264,1
795,-0.9770241807937875,0.0033229543336941027,1
796,-2.0984449156882574,-0.0034754747302599503,1
797,2.472160828851608,0.00023493880589789165,1
798,-4.807921819580342,-0.004768042639788141,0
799,-1.6692975870673712,0.0013602523292845592,1
800,-4.706514830455141,0.0007891617717680935,0
801,4.9505426675837825,-0.0019697430269700676,0
802,0.24488141334316693,0.004908209526646133,1
803,-2.2943290088387425,-0.0026666376491601513,1
804,-2.4504908219583914,0.003527244922454768,1
805,2.053083511331727,-0.0039400663083564505,1
806,1.9847715243991009,0.0029724619960619474,1
807,2.205642116031786,-0.0019257841305729024,1
808,3.2901044289530397,-0.007883757298056496,0
809,-0.6688197227918736,-0.0055763126319128276,1
810,-0.49721619458785404,-0.004015310486701496,1
811,4.306734201098404,0.006240957193969141,0
812,2.6033060582935432,0.000815628154608129,1
813,-1.5276678000638477,-0.0037115448117692284,1
814,-4.67516417304995,-0.003891686198456754,0
815,-4.613986563207459,-0.0013078155821035198,0
816,0.06918330992497418,-0.010434817379446695,0
817,-2.2270096243040265,-0.002268747715782679,1
818,-0.040303351420804684,-0.004765936618441789,1
819,-4.037944223988415,0.004552950230688611,0
820,4.633791086640089,-0.00022055756657944238,0
821,-2.3613419917713174,0.0032529110575991367,1
822,1.2901946148482155,0.0045358217257071365,1
823,2.4567311054665977,0.0011583084415229873,1
824,1.1055719582572057,-0.009754801294319227,0
825,0.8110315679498323,0.004968420874182184,1
826,1.521056030385783,-0.009659053535901107,0
827,-1.809531578818441,-0.004603505884876612,1
828,-2.0369531133065593,0.002097500854379918,1
829,1.4490793898085996,0.0038410013588890232,1
830,2.3022279728729114,0.008258475619031756,0
831,2.4974525177630196,-0.0003578176622964588,1
832,-0.8497061388413213,0.004220531048220052,1
833,1.383429972086927,0.003263975836312228,1
834,-0.26360610834799614,-0.010518644771336716,0
835,-0.23999929440241402,0.0047994698772793375,1
836,1.8348848444760608,0.0017125096726528545,1
837,1.9937102219337455,-0.0022071675329728576,1
838,1.855251591190936,0.009140975688261487,0
839,-1.3787166186574227,0.004149336016807858,1
840,4.873103326582194,2.165359682773732e-05,0
841,0.009097315391606457,-0.011022752346470058,0
842,-1.229142187682165,0.0025451331809934817,1
843,2.179547450737135,0.009535321487409478,0
844,-1.8461795284839662,0.003860934091213465,1
845,-4.851551370629475,0.0022531224976458015,0
846,3.9934949171122835,0.006626089808938247,0
847,4.788784134311471,-0.004771396442534492,0
848,-3.2879952184722274,-0.008052910300756196,0
849,0.21526238864598715,0.006306052793094666,1
850,0.18164781444213088,0.005161804800607307,1
851,-2.8118043891227265,-0.007834355040873545,0
852,1.9285699955797493,-0.0012301515528714282,1
853,-1.069096898748128,-0.0040656401351207875,1
854,-2.7727196789222637,-0.00040240105433361637,1
855,-4.557142352977513,0.004655897251101238,0
856,-1.8494415666323256,-0.00906902339355747,0
857,-2.5303041595276676,0.0020066361428052737,1
858,-0.42128486923192404,-0.010334015919290685,0
859,2.6473599315492686,-0.002998313095005185,1
860,-4.103169072991098,-0.007096651122832578,0
861,2.7822379827053974,-0.002736803791305521,1
862,-1.369275652041271,-0.004254623642183431,1
863,4.318882995199071,-0.005490459770050086,0
864,-0.4496511409628265,-0.0035441376593431185,1
865,5.309161976959987,0.0006791935608095604,0
866,-0.4342558002582625,0.00923460763862127,0
867,4.555722605272885,0.002776561915546583,0
868,-4.6061136449641555,-0.0037825715354761155,0
869,-0.9980122102533389,0.006252854617988739,1
870,-5.1722105076986615,-0.0011443460757207364,0
871,2.0943607671866133,-0.0006948767679308998,1
872,-0.45716382223068647,0.003859046407337959,1
873,1.6616018780640696,-0.009400123201805586,0
874,3.2989665394577994,0.00871556391613481,0
875,1.83862200474227,0.0027921220406055937,1
876,4.375724404999849,0.004178554399477881,0
877,-5.254224678148896,-0.00043004840987238553,0
878,-2.485093943708841,0.0024931033418369285,1
879,-1.7120310162907568,-0.0030677127814345935,1
880,3.5617881792655632,-0.0064086056414631365,0
881,4.588971085186262,0.0019325315181676298,0
882,0.661959151461386,-0.01002732596939776,0
883,2.2348578343958416,-0.000928621504087589,1
884,2.3904545971484925,0.0018413464337737914,1
885,-0.18351928181143956,-0.00926537602174167,0
886,2.122661446665787,0.010339020433780812,0
887,-2.2583159783228246,0.0025671635693949764,1
888,0.6583831344077183,0.01213230252995658,0
889,4.467306818448395,0.0032534140741348485,0
890,4.66883087960436,0.0017161352878912529,0
891,-1.77828383407327,-0.003280030322435472,1
892,-0.5424472788942313,-0.009789681755166129,0
893,2.8889652590679837,0.007938993125041838,0
894,1.3186735438533514,0.004081153281575228,1
895,2.1113450273004957,-0.007889422529103787,0
896,0.23999799894685597,0.01012797763328269,0
897,-0.7927299806731265,0.004188366717980608,1
898,-1.159467926451949,-0.009821323226939795,0
899,-1.5613144130621022,-0.005360043138795789,1
900,3.7644988869634926,0.007109253179391494,0
901,-2.2073624718038727,-0.0018180337914501293,1
902,2.598076437983198,-0.008581153809157664,0
903,2.1740218242245595,-0.0021279339762162912,1
904,0.6532272218729035,-0.004767559474265936,1
905,-1.5193623187920453,0.008398487198308147,0
906,1.831554220051996,0.0030369358148928717,1
907,-2.0049688241402306,-0.0046515976599150214,1
908,-2.205555654391213,0.0012731894723439692,1
909,-3.3961003081696415,0.006686837660404418,0
910,2.572305535769307,-0.007671377726929602,0
911,3.6903979251189876,-0.007281225979390546,0
912,-2.0560291121386713,0.0024836134691159162,1
913,2.4435067569163196,0.0006429257712060999,1
914,0.7153276498835979,0.005290570489411963,1
915,1.1304241041268155,-0.003902690702648822,1
916,0.8202466004179436,-0.009627991532151419,0
917,-4.723824359427232,-0.003028889996272246,0
918,-3.5829314018692084,0.007561863437093054,0
919,2.5390863228233354,-0.0025352369699997023,1
920,-4.100116490315354,-0.005725207568672166,0
921,-1.5841984709457189,-0.004736382635257082,1
922,-4.302884036625956,0.0038589676521091037,0
923,0.1867623701420426,0.00992330595978732,0
924,1.8644895477652732,-0.0027580029651331074,1
925,2.315660094701613,0.0023382068505948235,1
926,-4.27980470331298,0.005830651360771062,0
927,-0.29226571315566074,-0.00424293174571268,1
928,1.243672089257565,0.0051251541953529,1
929,4.732120907705665,-0.0064190254245121295,0
930,0.7909039721189595,-0.0038398405675087416,1
931,-2.3380276806106757,-0.0027217088220450507,1
932,0.29440659681377357,0.005215562772394231,1
933,4.530102013444403,-0.004239082089306789,0
934,-3.875072417385448,0.0075212326631491295,0
935,-1.2084603965047864,-0.010335483902987297,0
936,-2.3801580550158317,-0.0005245990618768406,1
937,-1.7058095387485472,-0.00969031391830453,0
938,-3.4468629612629345,0.008220088061845392,0
939,3.733360437324219,0.00509405144552961,0
940,2.4928148170098314,-0.002013123269869268,1
941,-1.0798546043596224,0.004647378891132595,1
942,5.343834482644295,0.0017248365982840278,0
943,4.593265869575957,0.005060182812645878,0
944,-0.08694555979386584,0.005158885113183769,1
945,-2.600176486395684,-0.0012504770711213847,1
946,0.16838830936231422,-0.004960212544758564,1
947,2.043295148542546,0.0037221637727402742,1
948,-1.6422218199347651,-0.004848280074077763,1
949,4.33057705065513,-0.0058942467938103696,0
950,3.023323067616971,-0.0013889513293739372,1
951,5.261756577814156,-0.0024131674409784047,0
952,5.157279025973315,0.0016585087924958148,0
953,-1.2809306671900762,0.004234466306081505,1
954,4.335917124129917,0.006825843492353443,0
955,1.5056217690369442,0.010024733596856817,0
956,-0.5653863039801109,0.010336968956272187,0
957,-2.4453377058917454,-0.008695863225078572,0
958,-0.18682411002997146,0.01073509159352463,0
959,2.1334298852632014,-0.0029038055948003728,1
960,4.1234865321563,0.007102878387095996,0
961,-0.8142279509417896,0.0044248325265907815,1
962,-1.9221232271877078,-0.007981068767084869,0
963,3.0048349753539445,-0.007833351951447382,0
964,1.6103093154403987,-0.010503308322544305,0
965,-1.6871345090662948,0.008528697773592147,0
966,4.066264240626307,-0.004969802504791294,0
967,-0.6619407239317678,-0.004955537947539137,1
968,1.3957910744925912,-0.004448538076112747,1
969,2.8178647673539996,-0.0007489761141957051,1
970,-0.7469826216707115,-0.005082040482890724,1
971,1.4187780234839231,0.00466211583587242,1
972,-0.4010686958965843,-0.005439182475533301,1
973,-0.24564066044188718,-0.003403878436662523,1
974,4.686836338716127,-0.0029426257892315845,0
975,4.532823455901514,0.001359154676705395,0
976,-4.920651858806036,-0.00034444769317858794,0
977,-1.256384937716226,0.0046466394678089315,1
978,1.4761753083804332,-0.003384779300030941,1
979,-1.159506224878884,0.009845262133480647,0
980,-2.282583919006302,-0.008295465472777827,0
981,-1.0749859526157324,-0.004344672146612501,1
982,0.7037320065925395,-0.005621314518237143,1
983,-0.5411940761827628,-0.00894305872288992,0
984,-4.087404191741063,-0.0033477018922424733,0
985,-0.09123827650171543,-0.00613634005343634,1
986,-5.158028612254016,0.0026188888492373087,0
987,-4.8421305625064,-0.001026480015617197,0
988,-0.38856106455091344,-0.004212834805466795,1
989,-2.6189697739979803,0.0076184421583732065,0
990,-1.8536817462430253,0.0045057406350094585,1
991,-4.0279365077527345,-0.004931897933407043,0
992,-2.5331350295319166,0.001720132483255437,1
993,-2.1866228259763245,-0.0003889411454721007,1
994,2.369240128755083,0.0021752077430184278,1
995,3.3861313983965142,0.006572695458267762,0
996,-2.2998294697570727,0.0030775851405240875,1
997,-2.175238310434546,0.0018783888877995404,1
998,-4.8048713696261975,0.004825604598500649,0
999,-2.013079874606662,0.007786869975330193,0
1000,-2.1666546624019603,0.0014704103983349454,1
1001,3.8124757446522834,-0.006874670765729538,0
1002,1.5905415928117541,0.0005313494697312343,1
1003,0.05056458941457183,-0.004434335660778653,1
1004,-5.060480290800403,-0.000475272756074326,0
1005,-2.9784253262950844,0.006983880216223004,0
1006,-2.709454081272835,0.008384303710064095,0
1007,-3.293274962477132,0.007213382332789632,0
1008,4.597857787118768,-0.002922861859418481,0
1009,-1.6404487719639573,-0.003741276371419835,1
1010,-2.3748660267494985,0.008600169072956108,0
1011,0.4164755617207111,0.01042953985898365,0
1012,-2.040341816828846,0.0047577964716104025,1
1013,-0.9395621559474467,-0.003850264162293557,1
1014,-2.6780378432577745,0.006790635233164251,0
1015,-2.086466518199566,0.0013076001017149552,1
1016,-0.992892623716254,0.005600513782179894,1
1017,0.6713124106657413,-0.009247029910166203,0
1018,-5.021372602317507,-0.0007561977511823794,0
1019,2.3126928577084858,0.00045223576799302583,1
1020,0.9502952080951134,-0.004756256861173137,1
1021,-3.6632398753638773,-0.004273387711151935,0
1022,2.302300614332849,-0.004056018665731267,1
1023,1.3580268100627202,0.008217170013085688,0
1024,-1.8607140505898532,0.0015835674086723884,1
1025,-1.882130824292879,-0.0027246779976534906,1
1026,-0.6407829945313497,0.009697298943009972,0
1027,-0.35497730242785547,0.00398422916306401,1
1028,-4.9930589772934155,-0.0011257053420626658,0
1029,0.27078823378427497,-0.009843562219072908,0
1030,1.9473283769385223,0.0032456845977816102,1
1031,-1.181550857866886,-0.0103653004226326,0
1032,1.5377414737341202,0.0004890297964388926,1
1033,0.49385899281641665,-0.005411830514743737,1
1034,2.4041908088530697,0.002563431685026966,1
1035,-2.3957648393546025,0.001908743078934534,1
1036,4.353017024783686,0.006266913828341245,0
1037,-0.15804798414636045,-0.010727358801452942,0
1038,-1.9044690894959915,0.0036990929622600067,1
1039,-1.649946749260078,-0.005317140267824526,1
1040,0.7218922932850145,0.0053238463306404275,1
1041,0.7273017881316131,-0.003172263062557475,1
1042,-1.652172679735112,0.0037104410674948796,1
1043,4.936489859474961,-0.0036549885905366158,0
1044,-2.7636090532351485,0.008705464301974965,0
1045,-3.699832325012993,-0.009163428673991936,0
1046,0.033155210925787416,0.010837700990394446,0
1047,-1.9553650628829213,-0.007905700256158532,0
1048,1.9947782808295789,0.0010075587133564442,1
1049,2.393993138708043,-0.003448693342148619,1
1050,-0.8895006182993401,0.009642483002908297,0
1051,-4.700170002152252,-0.003798309076216808,0
1052,-1.1855697607384545,0.0026951354268907445,1
1053,-2.1310938708929204,0.0028359533115977177,1
1054,-0.22766613365446298,-0.00453465743987479,1
1055,1.495689053699475,0.003302050335260042,1
1056,-2.8065458031606934,-0.00019914305635484572,1
1057,-2.360708363456853,-0.0011543709832118935,1
1058,-4.794831660842494,0.0013326565953645717,0
1059,3.060413867104694,0.002110635609153329,1
1060,1.8194970281118075,0.00295245814100904,1
1061,2.548602649206998,0.003185768455481394,1
1062,2.51661042997997,-0.0019168988687544325,1
1063,0.5088682348286632,0.005332702635663773,1
1064,0.1945627331877567,0.010075640106671486,0
1065,-0.9452523216217634,0.010129082824855154,0
1066,-1.8548109587835082,-0.0011768993026427404,1
1067,1.6220285986890304,0.0035346573297303403,1
1068,-3.377657908768926,-0.006658852230380895,0
1069,-4.9464411249280404,-0.0013634043728082562,0
1070,4.044813299272885,-0.0072601493267160574,0
1071,2.122869908866308,-0.007629127727509035,0
1072,-3.0287920381473215,-0.0059555594967879225,0
1073,-3.098448150541474,0.009268127894450516,0
1074,1.8127494792536092,0.003514382894308837,1
1075,-1.7299055873656308,-0.009093224571103911,0
1076,-4.89580729247501,-0.0025624440312533325,0
1077,0.12039555576482161,-0.005462698863413718,1
1078,4.625038996310689,-0.0021518458043402753,0
1079,-0.42236841539766523,-0.005014140422248562,1
1080,1.4967284032649233,-0.0033644004447575516,1
1081,0.30747798911566854,-0.005625067805141255,1
1082,1.6534236337851413,0.0028121454012053305,1
1083,2.945642731387361,-0.0004907248854300152,1
1084,3.285039863047485,-0.005662687521746761,0
1085,-5.559833846786829,-0.001163464497343616,0
1086,4.593402761163322,0.0001168653556286331,0
1087,1.4189648973797833,0.0075079240821132485,0
1088,-2.5358868439380218,-0.0020452064809532993,1
1089,2.06779778755864,0.00957425191724857,0
1090,-2.7918933180024346,-0.006787900348572454,0
1091,-0.9385832001826849,0.008874114544324746,0
1092,-1.5197684252000312,0.0028211839988732026,1
1093,1.598986987647342,-0.003811010352033745,1
1094,-2.2148962163592367,0.009512116849367985,0
1095,-2.2343884865476,0.008644183790946018,0
1096,-1.3896721365639055,0.008530988340901928,0
1097,1.5459595201109058,0.004178329182580064,1
1098,-3.129637600327295,0.0011512844519467953,1
1099,2.0910646539829454,-0.009368316267462148,0
1100,-2.1794698983670946,-0.0035425488453011008,1
1101,-2.7972238203908035,-0.0010452636419250852,1
1102,4.802606299667086,-0.0061474191462684655,0
1103,-5.334737065976434,-0.003659182829336546,0
1104,0.1088236087435801,-0.009655458952172472,0
1105,1.5843359641208528,0.0035623210014531915,1
1106,0.9600117342200227,-0.010451950926622789,0
1107,1.2582019713423518,-0.004974226098814955,1
1108,1.172207890707592,0.005256563665514295,1
1109,0.23123947384079008,0.009441984159025408,0
1110,-4.662163021717053,-0.005189467483535327,0
1111,-2.4262627064865963,0.002554733502180744,1
1112,5.120193643787092,-0.002540231574245752,0
1113,-2.372720731522074,-0.0007990568392978204,1
1114,-2.553915633763508,0.00179034704693975,1
1115,-3.884453620041202,-0.006858378952671631,0
1116,-4.63577836435855,0.003500222880266306,0
1117,2.34568701213178,-0.0013609981023354587,1
1118,1.0915908999174087,-0.009899044346207166,0
1119,-2.1556101863857235,-0.0030982991462763067,1
1120,4.2176325377976935,-0.007044078857808329,0
1121,5.053954903393057,0.002410621261517704,0
1122,2.5412663691259723,0.00920171587223955,0
1123,-0.11009471607685818,0.005527170012629866,1
1124,-4.8167702892026645,0.0036156582422853566,0
1125,3.2839336062288487,0.006999200651681864,0
1126,4.245479726915719,0.006582964208815052,0
1127,0.2886600880375555,-0.005200524713421989,1
1128,-1.6557904773219356,0.0035877360709378153,1
1129,4.624377584734008,-0.005128975218901716,0
1130,-4.8217806837988695,-0.002517201339126054,0
1131,-2.6915751385247044,-0.00021957410222401262,1
1132,-2.707473729923759,0.008081344987906315,0
1133,-1.5551738167607743,0.003394803355010326,1
1134,-0.8476296007937298,-0.004591900382532118,1
1135,1.9232499654006905,0.008338732042306885,0
1136,0.5725344292257759,0.003962881713186111,1
1137,-1.2834349972126624,0.003424698790779289,1
1138,2.418575626184737,0.0087478780471929,0
1139,-2.086440779752273,0.00933374700879368,0
1140,-2.824058373916708,-0.008335517325999273,0
1141,0.8685816823198043,0.003049081888482552,1
1142,-3.4350213182985097,0.00765479157498451,0
1143,1.3485503548279314,-0.003565536026371527,1
1144,-2.8580548480913492,-0.0007398860330651998,1
1145,3.669347924279853,-0.004970323026090707,0
1146,0.8499830303099025,-0.004189104328401681,1
1147,0.3380729161368435,0.010554106370585147,0
1148,1.0929735569966523,0.009461515476369656,0
1149,2.4918993904008437,0.003692203953933925,1
1150,0.9374411898938406,-0.009171692931983935,0
1151,5.205920699395633,0.0013936521538333733,0
1152,1.8436510966190238,-0.003969863668281155,1
1153,-0.7067629701184961,0.004203104392063267,1
1154,-1.7015588004074953,0.003179048400481035,1
1155,1.6697548379093974,0.004352783685349709,1
1156,0.4964495621710756,0.006212054985482605,1
1157,-1.6696237959706028,-0.002991377585641953,1
1158,4.906741977262441,-0.005745829141956827,0
1159,4.79394321330693,-0.003332896328006661,0
1160,1.955099567532022,0.004509307496100013,1
1161,1.8905518912717565,0.002255591145422173,1
1162,4.680778193538806,0.001502653293620213,0
1163,2.2679159722217888,0.0025880766632691054,1
1164,-0.582528961395758,0.005159977270551813,1
1165,-0.17889570007447228,0.005029406401199878,1
1166,4.145617861793958,0.006080640694358726,0
1167,-5.407083109497936,8.829614088904023e-05,0
1168,2.2778026899207724,0.00032760900109200564,1
1169,3.1243432591271207,-0.0007609210003949615,1
1170,1.6147843053500148,0.003218961241878265,1
1171,-1.465546989726155,-0.0034431439877623707,1
1172,-2.2178532859371667,0.0024590384672131585,1
1173,-4.621207949332482,-0.0030913112256239802,0
1174,4.563190561676605,0.003519834339249621,0
1175,1.5425288581554106,-0.004226267041771601,1
1176,-3.4932671410243192,-0.0066958362347034886,0
1177,0.6610694613148165,-0.004981976517542709,1
1178,3.124981782110771,0.006837466296202317,0
1179,3.1278226148940416,0.008528027376965747,0
1180,-2.246786002981569,0.0033730300013663887,1
1181,-4.260130850982459,0.007143196688257565,0
1182,2.5322515167953794,-0.006918723347585025,0
1183,5.485170585922296,-0.0006129338320835125,0
1184,1.6899719384320444,-0.00394704552821778,1
1185,0.8572997774704298,0.009715218978620002,0
1186,2.221548605778865,-0.0006601198988943788,1
1187,1.7779176747968397,-0.0042995740061726444,1
1188,2.2486784463210387,-0.009000579163303532,0
1189,-1.4169293893926815,0.003246627582067056,1
1190,-4.030326684551138,-0.005219646635045399,0
1191,-1.8988205367278446,0.008580894170791446,0
1192,-1.4255838529365654,-0.003698201852087799,1
1193,-0.05862585605275667,-0.005077069221734885,1
1194,-0.2885902189545756,0.005176968200922453,1
1195,-1.8258730086664745,0.0032962821115130117,1
1196,-0.2136988372940956,0.010236812548549985,0
1197,0.5358714258274251,0.004997938510899738,1
1198,2.9505197075424743,0.000538702689245065,1
1199,-0.4014318466744108,-0.0033237246721040904,1
1200,1.0127982960351642,0.004727104007605994,1
1201,-3.330061094082331,-0.005797737931920141,0
1202,-1.85311254510948,0.002915935250607479,1
1203,2.321857279838292,-0.0009402676405269993,1
1204,-4.88945558505754,-0.0032747870049151884,0
1205,2.508283870927091,-0.0017926000637230545,1
1206,0.32768776409158984,0.010404112282600034,0
1207,-0.05987344055831492,-0.009941014718180303,0
1208,1.5007751717058482,0.004982359945509314,1
1209,3.1849466165739706,0.008047654352418786,0
1210,3.089730335169505,-0.0018995099668100287,1
1211,2.351539294477341,0.0006819158733295193,1
1212,-2.533136757938067,-0.0020232117892368985,1
1213,2.2308352235275413,-0.002244590973092326,1
1214,3.7880296747575644,0.0050128881189405216,0
1215,2.938178402538502,0.007907560604378566,0
1216,0.8636433180033305,0.009671833978819485,0
1217,4.3174311115662976,-0.0022459417134133935,0
1218,5.193945182262686,-0.00031963085624326157,0
1219,1.5229225549843242,0.009937362980189313,0
1220,-2.376921568806864,-0.00928123820534265,0
1221,-2.7387482052134633,-0.0013371141891158158,1
1222,-0.31071722555353526,0.010530040786576957,0
1223,2.7458314595803026,0.00033141115889511174,1
1224,2.7881853642125614,-0.008549863627276593,0
1225,1.0505153458280918,-0.009887669808878513,0
1226,1.3065804863744437,-0.005758786973684003,1
1227,-4.701222739907185,-0.0038202234172927626,0
1228,4.1602361794728795,-0.005168957095021458,0
1229,-1.877703169614413,-0.008176807948323298,0
1230,1.5676156698443489,0.008669844079001118,0
1231,-2.748589147667222,0.0016028310518756061,1
1232,-0.9480145185494548,0.009530757718131283,0
1233,1.9085739793296777,0.003280116758101187,1
1234,2.4480465232910134,-0.00020653837664842106,1
1235,-2.1278045399392074,0.002431163708273334,1
1236,-4.290820107055938,-0.005552402429613903,0
1237,0.70676464186002,0.004223530976578138,1
1238,-2.3960634522813313,0.009009491330318605,0
1239,-2.6648580716864756,-0.0006782527556662593,1
1240,-4.241785729897678,-0.0003946838471982389,0
1241,1.1653019260259307,-0.002121485783957785,1
1242,-1.4222128044542885,0.0035552976611754857,1
1243,4.878143607986557,-0.00038131666997977807,0
1244,-4.6520633857200355,-0.005571501002159442,0
1245,-1.955817820432274,-0.00047975468531688493,1
1246,3.9934655105013794,0.005442237789956942,0
1247,-1.5361038684064217,-0.0008363769359263973,1
1248,-4.527724011453024,-9.986894093123873e-05,0
1249,-2.2324533589458846,-0.00872711139075194,0
1250,0.3039250599381505,0.009808473000068185,0
1251,2.5293374425390858,-0.0030726175763737674,1
1252,4.469344246911304,-0.003059000275317717,0
1253,-0.03928527973387552,0.00519345479934244,1
1254,-2.3406964892309396,-0.0014643063514695393,1
1255,-0.3819858155604634,-0.00512802907507184,1
1256,2.9804498150959886,0.0004086522641432066,1
1257,-5.143486537345998,-0.00035969120365711497,0
1258,2.145428428345076,-0.003449898553620065,1
1259,-0.21720793042820055,0.0049334675409969855,1
1260,2.5999422134001766,0.00702689932824296,0
1261,-0.3887261336029732,0.00888451926986601,0
1262,2.6870460443522215,-0.00832777703655302,0
1263,5.109526547220238,0.0006981644032683495,0
1264,1.4927630616662866,-0.003035285243653857,1
1265,2.4648061363866822,0.003213029593715694,1
1266,0.3151814372728937,-0.010164753687565807,0
1267,-1.0239573490206713,0.008437741344930751,0
1268,-2.9755074475854077,-0.007798820677959565,0
1269,0.7493108815151717,-0.008435445004267133,0
1270,-0.6561991569021777,0.009671675806525441,0
1271,2.6753790449043424,0.001057308686114341,1
1272,-4.8728830770204254,0.0037120299933265234,0
1273,-3.5133902814884705,-0.007630273054027133,0
1274,-2.4194507595323014,3.0233722269024168e-05,1
1275,2.145421205576586,0.00987110354360332,0
1276,2.7860870965458338,0.001195916116810307,1
1277,-1.0251259081115516,-0.005536542062400406,1
1278,2.1408929238559167,-0.00940047010190797,0
1279,0.9479811507122183,0.005156615618995406,1
1280,5.072120305860866,-0.003086240467120674,0
1281,0.23972512909467794,-0.004518503456230353,1
1282,-3.889589352125437,-0.007455828762232486,0
1283,-4.972105607613366,0.003654023512383903,0
1284,-2.5730563684426757,-0.0002294396074097639,1
1285,0.1028071508524897,-0.010095504677853305,0
1286,-2.789323370724511,-0.0071079912282628515,0
1287,-3.9140252654844607,0.007169237954328562,0
1288,-0.33990981873221443,0.010776841273121944,0
1289,-2.447210937023744,-0.004389819727790419,1
1290,0.3735850503142464,0.005260582282413685,1
1291,-0.7806672193282103,0.004743223945157608,1
1292,-2.7778917203272413,-0.0022270370034166813,1
1293,-0.6774258234883237,-0.011004761005017936,0
1294,-0.6874702890519837,-0.003705259375862089,1
1295,2.150084067707088,0.010355247065702202,0
1296,4.70166849521484,-0.0034998172796353107,0
1297,2.5772499137906952,0.001225448974700128,1
1298,1.9621037847871938,0.0006234576536135297,1
1299,-2.838056048685838,-0.006810292991965708,0
1300,-4.765089090571508,-0.004450094620280319,0
1301,-2.335099430423378,0.0001274106380242456,1
1302,2.137338272085057,0.0017472045781643257,1
1303,-0.3910066542525384,0.005152023505969071,1
1304,1.3270481255669162,-0.00502764674806172,1
1305,0.15775409840207477,-0.0033585754512051205,1
1306,2.0050006398815867,-0.008510044437584434,0
1307,-2.6708064938297236,0.00858125686529402,0
1308,0.8409115479723042,0.005685157377073302,1
1309,0.31904071688315744,-0.008802768725527804,0
1310,-4.902165780943911,0.0036079958217121295,0
1311,0.9142574865647879,-0.0035782828269878813,1
1312,-1.884040828042671,0.00504351464113478,1
1313,0.10217690899771947,0.006026223604540549,1
1314,2.2641043989277656,0.0017891521517829,1
1315,-5.260488747224761,0.0011365074181893086,0
1316,2.393577050112226,-0.008753322775547308,0
1317,-2.2638852786592545,-0.002008201817695096,1
1318,3.1924273451767817,0.0066133609121460345,0
1319,-4.999576653107761,-0.0003419946200023309,0
1320,1.7749128995371404,0.0030089615529008606,1
1321,0.06902891997013737,0.005379654062500092,1
1322,3.3260244226396973,-0.008926425923475874,0
1323,1.9490902049708514,0.009571425376769622,0
1324,2.468045199980157,0.008442248346492591,0
1325,4.010233425244978,0.005097904970349093,0
1326,1.568659502394475,-0.008092690600545429,0
1327,-1.3484484075520502,-0.008449612524532725,0
1328,-2.640165106619425,0.0008725527363435043,1
1329,-3.6956434001439376,-0.0051104257597403,0
1330,4.095172284105633,-0.005782555243257388,0
1331,0.7595872729794378,0.009248413915540314,0
1332,-1.628362432495609,0.0038676462634835047,1
1333,-0.6767475761494994,0.004190590173695602,1
1334,4.4325837679179,-0.003877193744043111,0
1335,0.3555934297791471,0.004613987705662497,1
1336,0.30604686260057923,-0.0043716046964376925,1
1337,1.9496132095417493,0.0009256430424128418,1
1338,2.0776537529965147,0.0077846731331727885,0
1339,-1.9066278500867597,-0.002111311485788329,1
1340,4.63583452494242,-0.003740381977488117,0
1341,2.4538470192249267,-0.0012254064002422335,1
1342,-1.4861447159470675,0.004615226743356351,1
1343,1.9394839859729749,0.002887165208580793,1
1344,1.325038729219982,0.009368578075403098,0
1345,-1.359664465368387,0.00448472460534605,1
1346,-2.414833157248558,-0.0035126725951467653,1
1347,-1.8137809150593869,-0.010032733688171522,0
1348,4.9125064166740176,-0.0036704746783265225,0
1349,-4.779903990794953,-0.002388296711593562,0
1350,-4.564171613826211,-0.0007662782394530142,0
1351,-4.7495001305895155,-0.005202834003101412,0
1352,3.045173580025064,0.008622277344510603,0
1353,2.8859021800558073,0.0018528251198427915,1
1354,1.7950921720057318,-0.002414582483362119,1
1355,-4.365284819464042,0.006353065877567161,0
1356,1.7148849345050645,-0.002932265541486743,1
1357,4.22980465824544,-0.003960949964081237,0
1358,-2.7475072105628247,0.00021072882765728316,1
1359,-3.458461135901944,0.007628925773044494,0
1360,0.641151611300571,-0.004565153785039165,1
1361,-1.659842154732912,-0.009479524038618287,0
1362,2.522818758133005,-0.0014685391045678908,1
1363,-2.253427467727102,-0.0018596866060007142,1
1364,-1.5525147755133906,-0.009609012606654475,0
1365,4.5767400931489775,0.0041892965502092335,0
1366,0.8553503218433889,0.004059252645887125,1
1367,1.1089444035022162,-0.004570928424112897,1
1368,5.1450362025212035,0.0010084326238448604,0
1369,-1.640365488605644,0.003525599703958673,1
1370,2.351179883812673,0.0009903691575086002,1
1371,-0.19454784654722793,0.006444788958727878,1
1372,-2.6939662650438545,0.002483697867853915,1
1373,-0.1417998744005547,-0.004510720679523207,1
1374,-0.014588866387653804,-0.005212357358595313,1
1375,0.19181935195845545,-0.00600015077873114,1
1376,0.96001093702148,0.003979728857782984,1
1377,-2.4206229732365285,0.0004840362174849731,1
1378,4.623433567852937,0.0052507311813115975,0
1379,-0.6998283147909796,-0.005578993671518257,1
1380,2.5468107235759234,-0.00819358586046478,0
1381,-2.474755503776841,0.001369203926594257,1
1382,-2.017235096961577,0.00283769456913476,1
1383,0.8625921388822455,-0.00407673788070755,1
1384,1.9198665471605283,0.0021746567691197124,1
1385,2.750370319709666,0.007203806072921172,0
1386,-4.83201447085642,0.001936061040062197,0
1387,0.4744310028550142,0.00421537835720409,1
1388,-0.4467561413535362,-0.010117086487478458,0
1389,0.1570507007041652,0.004922529588087697,1
1390,4.4963564373201335,0.0017763614870691818,0
1391,-4.643718880373494,-0.004966460554310131,0
1392,-3.896879398839645,0.006858598679506796,0
1393,-1.4942266181025665,0.009279144370456105,0
1394,2.3673073799082696,0.009597531391800213,0
1395,-4.650190959094474,-0.0041525015553970195,0
1396,-1.854836942193182,-0.002535705633761028,1
1397,-1.5348968412108788,0.0015634863118743174,1
1398,-2.8788862975298346,-0.00711813038088606,0
1399,-4.374032676334622,-0.006223151129016601,0
1400,4.2404207105047735,0.007152112861456672,0
1401,1.8667955498668714,0.00938977353613824,0
1402,0.8731722772028254,0.0037524186111805315,1
1403,1.8031410774945191,-0.0010953288088505146,1
1404,-2.342307728795098,0.0011929002007440004,1
1405,1.846673442550537,-0.0020893225203662087,1
1406,3.4825358080892546,-0.006813530252661066,0
1407,-1.9706245425506541,0.00993918247775984,0
1408,-4.986316460417295,0.004660086564689977,0
1409,4.782725978893469,0.00024494272941820216,0
1410,2.2084263511919495,-0.002710222490226582,1
1411,1.9055884608697027,0.0007543741258960412,1
1412,-1.4544179517815223,0.00884674131804129,0
1413,-1.8103905125270872,0.003976255955398079,1
1414,-3.895408580268111,0.005935929012102455,0
1415,-4.487304324713318,0.0005346579960880015,0
1416,2.7170352753518854,-0.0014977849818551706,1
1417,-1.0872616293451705,0.0033837688379557275,1
1418,-0.8340020216517388,-0.009842727127958157,0
1419,-1.1955436328867906,-0.004420569019445941,1
1420,0.318342644101114,-0.004517864918774166,1
1421,0.079249713492143,-0.004989784981254831,1
1422,-1.8360247038655353,-0.003370875331566113,1
1423,-5.135658184573328,0.002362419246208476,0
1424,1.5649999241077768,0.009995031650636399,0
1425,0.6580710201143534,0.005161389198019683,1
1426,1.7380233183416605,0.000943694667572159,1
1427,3.8998623606736684,-0.003921178330547419,0
1428,-1.7818684429490508,0.004258320129101002,1
1429,2.0855011211327916,0.0025300390245080085,1
1430,-0.5535434647963208,0.006032485130612834,1
1431,1.0299165308410967,0.005530250531303107,1
1432,1.4316175643103892,0.0009816554018901023,1
1433,-4.710624183868813,-0.0012873138330722709,0
1434,-0.016681657326414676,-0.004957822304504885,1
1435,-2.5674113377325867,0.0007395581693825889,1
1436,-2.411226311990282,-0.002274479152399701,1
1437,-1.919453217409011,-0.004059921377686482,1
1438,-3.0858046397359655,0.007011473287598015,0
1439,-1.6736168533887494,0.001517069755171508,1
1440,3.71247136834544,-0.006263841580565491,0
1441,-1.101078199626616,-0.010550964720021658,0
1442,-4.626536579975627,-0.003834603346201837,0
1443,-2.683061198786331,-0.006538982863905217,0
1444,3.0372748342639344,-0.0001069604019128216,1
1445,-0.646507553940481,0.00409602078295603,1
1446,-0.47105594472455203,0.004490627300991991,1
1447,-0.11471880754568752,-0.01008254350349699,0
1448,0.47926957458935326,-0.005065867989153451,1
1449,-3.5598619787094785,0.006623552021045052,0
1450,-1.5669900964091856,-0.004075584445036424,1
1451,-0.15483992835998855,0.00946626827003258,0
1452,1.8689010042290841,-0.0026268892929167593,1
1453,-1.7312220416994166,-0.004393960555749322,1
1454,-1.066328909492104,0.004527106058720574,1
1455,3.4519679274731074,-0.007153510786280308,0
1456,2.400434755651177,0.00744914707287495,0
1457,-3.6668189520041095,0.005868117267745865,0
1458,3.810614178951066,0.007543786459706597,0
1459,-1.5943156811611936,0.005420339956865849,1
1460,-4.6827192621184635,0.002343789540654348,0
1461,4.260357757786725,-0.004926759839925121,0
1462,1.3219947681555122,-0.0033838588074224926,1
1463,-0.46463160091133304,0.0043236278878403716,1
1464,-4.580348532725063,-0.003928974525535177,0
1465,-1.6877918434102135,0.0035286491113975292,1
1466,4.262027714234783,0.00401579016263754,0
1467,1.9243704980626082,0.00011901941549246523,1
1468,1.7482093846140636,0.003117903167117795,1
1469,-1.1281218600752463,0.004779540801156021,1
1470,0.2263043491095948,-0.005076423440198905,1
1471,1.5949686081401397,-0.0030377602481728577,1
1472,-2.3388258615541218,-0.00037128070396743977,1
1473,0.1158962430782999,0.0051003389461085,1
1474,1.5348763288756246,0.0032029063768461118,1
1475,-0.4656210605611708,0.004168707251482222,1
1476,4.887839957601474,0.0011015826186041454,0
1477,0.8283390731009388,-0.005496355897574606,1
1478,1.9271185490106224,-0.008270541342636113,0
1479,3.3862966126046086,-0.006978214958708265,0
1480,-4.928816567791236,0.0037137492968109644,0
1481,-3.000935808914871,0.007551855559419357,0
1482,-0.12855799665202813,-0.00394608815906517,1
1483,3.265775911878977,0.008825083187382787,0
1484,2.6136668523939646,-0.0004382128681863249,1
1485,-1.8516088291655832,-0.009537877631380432,0
1486,-4.66172157405987,-0.0038785954865810757,0
1487,-1.9044304377530548,0.0029895686545703586,1
1488,-1.3483650298398389,0.009458460286911437,0
1489,-2.5000560235293623,-0.0017837379155616457,1
1490,4.534256724648184,0.00024117195611248753,0
1491,4.866104620238355,0.0024018645607232036,0
1492,-0.5561278610448945,0.003927000875547287,1
1493,2.3303569477719464,0.0016245116148889927,1
1494,4.837022855892947,-0.0022959098586061073,0
1495,1.2243649310140705,-0.00998023194867941,0
1496,-4.2223417038123525,0.005295910566869037,0
1497,-3.3347097033331425,-0.007434547637553555,0
1498,-1.951212201639612,0.00979306853212126,0
1499,2.0231219045248925,-0.0009077073774413668,1
